{"initial_reset_timestamp": 1620497080.5466967, "timestamps": [1620497097.815037, 1620497119.4440277, 1620497129.3628268, 1620497136.6660726, 1620497171.9971173], "episode_lengths": [19, 24, 11, 8, 40], "episode_rewards": [17.046252986260736, 21.550296443050996, 8.711111111111114, 6.1111111111111125, 34.64444444444445], "episode_rewards_": [[0.8666666666666667, 0.8666666666666667, 0.8666666666666667, 0.8666666666666667, 0.8666666666666667, 0.8444444444444444, 0.9549926798276257, 0.9738840726132926, 0.9548901671538421, 0.955441848506246, 0.9777583465808567, 0.955552234992617, 0.9777772103326393, 0.9999999030303021, 0.9999999834290195, 0.9999999971682144, 0.9999999995160812, 0.999999999917304, 0.11817876541492156], [0.8222222222222223, 0.8444444444444444, 0.8222222222222223, 0.7999999999999999, 0.9105482353831814, 0.9294396281688483, 0.9326679449316199, 0.955441848506246, 0.9555361243586344, 0.955552234992617, 0.9555549881104172, 0.9555554585858577, 0.9333333167623529, 0.9333333305015477, 0.9333333328494144, 0.9333333332506374, 0.9555555555414239, 0.9777777777753629, 0.9999999999995873, 0.9999999999999295, 0.999999999999988, 0.9999999999999979, 0.9999999999999997, 0.04444444444444443], [0.8666666666666667, 0.8666666666666667, 0.8666666666666667, 0.8666666666666667, 0.8666666666666667, 0.8666666666666667, 0.8666666666666667, 0.8666666666666667, 0.8666666666666667, 0.8666666666666667, 0.04444444444444443], [0.8666666666666667, 0.8666666666666667, 0.8666666666666667, 0.8666666666666667, 0.8666666666666667, 0.8666666666666667, 0.8666666666666667, 0.04444444444444443], [0.8666666666666667, 0.8666666666666667, 0.8666666666666667, 0.8666666666666667, 0.8666666666666667, 0.8666666666666667, 0.8666666666666667, 0.8666666666666667, 0.8666666666666667, 0.8666666666666667, 0.8666666666666667, 0.8666666666666667, 0.8666666666666667, 0.8666666666666667, 0.8666666666666667, 0.8666666666666667, 0.8666666666666667, 0.8666666666666667, 0.8666666666666667, 0.8666666666666667, 0.8666666666666667, 0.8666666666666667, 0.8666666666666667, 0.8666666666666667, 0.8666666666666667, 0.8666666666666667, 0.8666666666666667, 0.8666666666666667, 0.8666666666666667, 0.8666666666666667, 0.8666666666666667, 0.8666666666666667, 0.8666666666666667, 0.8666666666666667, 0.8666666666666667, 0.8666666666666667, 0.8666666666666667, 0.8666666666666667, 0.8666666666666667, 0.8444444444444444]], "episode_seeds": [13023762605672357780, 14708800871105584466, 11656215481069256837, 7611469242066618990, 8582947720569811290], "episode_types": ["t", "t", "t", "t", "t"], "episode_speed": [[25.0, 25.0, 25.0, 25.0, 25.0, 25.0, 29.1455588268693, 29.853986056331806, 29.975047934935745, 29.995735985650892, 29.99927133011546, 29.999875478889802, 29.999978720807306, 29.999996363636328, 29.99999937858823, 29.999999893808038, 29.99999998185304, 29.9999999968989, 22.765037036392894], [25.0, 25.0, 25.0, 25.0, 29.1455588268693, 29.853986056331806, 29.975047934935745, 29.995735985650892, 29.99927133011546, 29.999875478889802, 29.999978720807306, 29.999996363636328, 29.99999937858823, 29.999999893808038, 29.99999998185304, 29.9999999968989, 29.99999999947006, 29.99999999990944, 29.999999999984524, 29.999999999997357, 29.99999999999955, 29.999999999999922, 29.999999999999986, 14.045131107168398], [25.0, 25.0, 25.0, 25.0, 25.0, 25.0, 25.0, 25.0, 25.0, 25.0, 14.395747536046335], [25.0, 25.0, 25.0, 25.0, 25.0, 25.0, 25.0, 17.706139917695474], [25.0, 25.0, 25.0, 25.0, 25.0, 25.0, 25.0, 25.0, 25.0, 25.0, 25.0, 25.0, 25.0, 25.0, 25.0, 25.0, 25.0, 25.0, 25.0, 25.0, 25.0, 25.0, 25.0, 25.0, 25.0, 25.0, 25.0, 25.0, 25.0, 25.0, 25.0, 25.0, 25.0, 25.0, 25.0, 25.0, 25.0, 25.0, 25.0, 25.0]], "episode_crashed": [[false, false, false, false, false, false, false, false, false, false, false, false, false, false, false, false, false, false, true], [false, false, false, false, false, false, false, false, false, false, false, false, false, false, false, false, false, false, false, false, false, false, false, true], [false, false, false, false, false, false, false, false, false, false, true], [false, false, false, false, false, false, false, true], [false, false, false, false, false, false, false, false, false, false, false, false, false, false, false, false, false, false, false, false, false, false, false, false, false, false, false, false, false, false, false, false, false, false, false, false, false, false, false, false]], "episode_action": [[2, 2, 2, 2, 2, 0, 3, 1, 0, 3, 2, 0, 2, 2, 2, 2, 2, 2, 0], [0, 2, 0, 0, 3, 0, 3, 2, 3, 3, 3, 3, 0, 0, 3, 3, 2, 2, 2, 2, 2, 2, 2, 0], [2, 2, 2, 2, 2, 2, 2, 2, 2, 2, 0], [2, 2, 2, 2, 2, 2, 2, 0], [2, 2, 2, 2, 2, 2, 2, 2, 2, 2, 2, 2, 2, 2, 2, 2, 2, 2, 2, 2, 2, 2, 2, 2, 2, 2, 2, 2, 2, 2, 2, 2, 2, 2, 2, 2, 2, 2, 2, 0]], "episode_cost": [[0.0, 0.0, 0.0, 0.0, 0.0, 0.0, 0.0, 0.0, 0.0, 0.0, 0.0, 0.0, 0.0, 0.0, 0.0, 0.0, 0.0, 0.0, 1.0], [0.0, 0.0, 0.0, 0.0, 0.0, 0.0, 0.0, 0.0, 0.0, 0.0, 0.0, 0.0, 0.0, 0.0, 0.0, 0.0, 0.0, 0.0, 0.0, 0.0, 0.0, 0.0, 0.0, 1.0], [0.0, 0.0, 0.0, 0.0, 0.0, 0.0, 0.0, 0.0, 0.0, 0.0, 1.0], [0.0, 0.0, 0.0, 0.0, 0.0, 0.0, 0.0, 1.0], [0.0, 0.0, 0.0, 0.0, 0.0, 0.0, 0.0, 0.0, 0.0, 0.0, 0.0, 0.0, 0.0, 0.0, 0.0, 0.0, 0.0, 0.0, 0.0, 0.0, 0.0, 0.0, 0.0, 0.0, 0.0, 0.0, 0.0, 0.0, 0.0, 0.0, 0.0, 0.0, 0.0, 0.0, 0.0, 0.0, 0.0, 0.0, 0.0, 0.0]]}