{"initial_reset_timestamp": 1620497190.5819583, "timestamps": [1620497225.9874604, 1620497261.7483673, 1620497278.5713077, 1620497310.6061606, 1620497321.3770409], "episode_lengths": [40, 40, 19, 36, 12], "episode_rewards": [35.43918544889602, 38.19474088749543, 16.639185331940382, 31.950296443051002, 8.88888888888889], "episode_rewards_": [[0.8666666666666667, 0.8666666666666667, 0.8666666666666667, 0.8666666666666667, 0.8666666666666667, 0.8666666666666667, 0.8666666666666667, 0.8666666666666667, 0.8666666666666667, 0.8666666666666667, 0.8666666666666667, 0.8666666666666667, 0.8666666666666667, 0.8666666666666667, 0.8666666666666667, 0.8666666666666667, 0.8666666666666667, 0.8666666666666667, 0.8666666666666667, 0.8666666666666667, 0.8666666666666667, 0.8666666666666667, 0.8666666666666667, 0.8666666666666667, 0.8666666666666667, 0.8666666666666667, 0.8666666666666667, 0.8666666666666667, 0.8666666666666667, 0.8666666666666667, 0.8666666666666667, 0.8444444444444444, 0.8222222222222223, 0.9327704576054036, 0.9738840726132926, 0.9993346115982865, 0.9998862929506904, 0.9999805688030788, 0.9999966794370615, 0.9999994325548616], [0.8222222222222223, 0.9327704576054036, 0.9294396281688483, 0.9326679449316199, 0.9332196262840239, 0.9333139021364123, 0.955552234992617, 0.9777772103326393, 0.9777776808080798, 0.9777777612067973, 0.8672295395628109, 0.9588863845081921, 0.952327238710088, 0.9327816519667974, 0.9554612797007523, 0.9777616671433825, 0.9999972468821295, 0.9999995295245475, 0.9999999196012804, 0.9999999862608049, 0.977777775429911, 0.9555555551543327, 0.9333333332647692, 0.9333333333216164, 0.9333333333313312, 0.9333333333329912, 0.933333333333275, 0.9555555555555456, 0.9555555555555539, 0.9555555555555552, 0.9555555555555552, 0.9555555555555552, 0.9777777777777774, 0.9999999999999997, 0.9999999999999997, 0.9999999999999997, 0.9777777777777774, 0.9555555555555552, 0.933333333333333, 0.9555555555555552], [0.8222222222222223, 0.7999999999999999, 0.8222222222222223, 0.7999999999999999, 0.9105482353831814, 0.9294396281688483, 0.9326679449316199, 0.9332196262840239, 0.9333139021364123, 0.9333300127703947, 0.9333327658881948, 0.9333332363636354, 0.955555538984575, 0.977777774945992, 0.9777777772938588, 0.999999999917304, 0.9999999999858683, 0.9999999999975852, 0.04444444444444443], [0.8444444444444444, 0.8666666666666667, 0.8666666666666667, 0.8666666666666667, 0.8666666666666667, 0.8666666666666667, 0.8666666666666667, 0.8666666666666667, 0.8666666666666667, 0.8666666666666667, 0.8666666666666667, 0.8666666666666667, 0.8666666666666667, 0.8666666666666667, 0.8666666666666667, 0.8666666666666667, 0.8444444444444444, 0.8222222222222223, 0.9327704576054036, 0.9738840726132926, 0.9548901671538421, 0.955441848506246, 0.9333139021364123, 0.9333300127703947, 0.9333327658881948, 0.9333332363636354, 0.955555538984575, 0.9555555527237699, 0.9555555550716367, 0.9777777776950818, 0.9999999999858683, 0.9999999999975852, 0.9999999999995873, 0.9999999999999295, 0.999999999999988, 0.04444444444444443], [0.8222222222222223, 0.8444444444444444, 0.8222222222222223, 0.7999999999999999, 0.7999999999999999, 0.7999999999999999, 0.7999999999999999, 0.7999999999999999, 0.7999999999999999, 0.7999999999999999, 0.7999999999999999, 0.0]], "episode_seeds": [11670754395984072493, 15627842096749466714, 1157453044782999277, 8754816197382531233, 16480735510074343343], "episode_types": ["t", "t", "t", "t", "t"], "episode_speed": [[25.0, 25.0, 25.0, 25.0, 25.0, 25.0, 25.0, 25.0, 25.0, 25.0, 25.0, 25.0, 25.0, 25.0, 25.0, 25.0, 25.0, 25.0, 25.0, 25.0, 25.0, 25.0, 25.0, 25.0, 25.0, 25.0, 25.0, 25.0, 25.0, 25.0, 25.0, 25.0, 25.0, 29.1455588268693, 29.853986056331806, 29.975047934935745, 29.995735985650892, 29.99927133011546, 29.999875478889802, 29.999978720807306], [25.0, 29.1455588268693, 29.853986056331806, 29.975047934935745, 29.995735985650892, 29.99927133011546, 29.999875478889802, 29.999978720807306, 29.999996363636328, 29.99999937858823, 25.854441066938744, 29.291572752390536, 29.878938118294965, 29.979311948754905, 29.996464655444875, 29.999395851210178, 29.999896758079856, 29.999982357170527, 29.999996985048018, 29.99999948478018, 29.999999911954994, 29.99999998495414, 29.99999999742884, 29.999999999560618, 29.999999999924917, 29.999999999987168, 29.99999999999781, 29.99999999999963, 29.999999999999936, 29.999999999999986, 29.999999999999986, 29.999999999999986, 29.999999999999986, 29.999999999999986, 29.999999999999986, 29.999999999999986, 29.999999999999986, 29.999999999999986, 29.999999999999986, 29.999999999999986], [25.0, 25.0, 25.0, 25.0, 29.1455588268693, 29.853986056331806, 29.975047934935745, 29.995735985650892, 29.99927133011546, 29.999875478889802, 29.999978720807306, 29.999996363636328, 29.99999937858823, 29.999999893808038, 29.99999998185304, 29.9999999968989, 29.99999999947006, 29.99999999990944, 15.048354757655225], [25.0, 25.0, 25.0, 25.0, 25.0, 25.0, 25.0, 25.0, 25.0, 25.0, 25.0, 25.0, 25.0, 25.0, 25.0, 25.0, 25.0, 25.0, 29.1455588268693, 29.853986056331806, 29.975047934935745, 29.995735985650892, 29.99927133011546, 29.999875478889802, 29.999978720807306, 29.999996363636328, 29.99999937858823, 29.999999893808038, 29.99999998185304, 29.9999999968989, 29.99999999947006, 29.99999999990944, 29.999999999984524, 29.999999999997357, 29.99999999999955, 15.048354757680315], [25.0, 25.0, 25.0, 25.0, 25.0, 25.0, 25.0, 25.0, 25.0, 25.0, 25.0, 10.195724803722253]], "episode_crashed": [[false, false, false, false, false, false, false, false, false, false, false, false, false, false, false, false, false, false, false, false, false, false, false, false, false, false, false, false, false, false, false, false, false, false, false, false, false, false, false, false], [false, false, false, false, false, false, false, false, false, false, false, false, false, false, false, false, false, false, false, false, false, false, false, false, false, false, false, false, false, false, false, false, false, false, false, false, false, false, false, false], [false, false, false, false, false, false, false, false, false, false, false, false, false, false, false, false, false, false, true], [false, false, false, false, false, false, false, false, false, false, false, false, false, false, false, false, false, false, false, false, false, false, false, false, false, false, false, false, false, false, false, false, false, false, false, true], [false, false, false, false, false, false, false, false, false, false, false, true]], "episode_action": [[2, 2, 2, 2, 2, 2, 2, 2, 2, 2, 2, 2, 2, 2, 2, 2, 2, 2, 2, 2, 2, 2, 2, 2, 2, 2, 2, 2, 2, 2, 2, 0, 0, 3, 2, 2, 2, 2, 2, 2], [0, 3, 0, 3, 3, 3, 2, 2, 3, 3, 4, 3, 0, 0, 2, 2, 2, 2, 2, 2, 0, 0, 0, 0, 3, 3, 0, 2, 3, 3, 3, 3, 2, 2, 2, 2, 0, 0, 0, 2], [2, 0, 2, 0, 3, 3, 0, 0, 3, 3, 3, 3, 2, 2, 3, 2, 2, 2, 0], [2, 2, 2, 2, 2, 2, 2, 2, 2, 2, 2, 2, 2, 2, 2, 2, 0, 0, 3, 2, 0, 1, 0, 0, 0, 0, 2, 3, 3, 2, 2, 2, 2, 2, 2, 0], [0, 2, 0, 0, 0, 0, 0, 0, 0, 0, 0, 0]], "episode_cost": [[0.0, 0.0, 0.0, 0.0, 0.0, 0.0, 0.0, 0.0, 0.0, 0.0, 0.0, 0.0, 0.0, 0.0, 0.0, 0.0, 0.0, 0.0, 0.0, 0.0, 0.0, 0.0, 0.0, 0.0, 0.0, 0.0, 0.0, 0.0, 0.0, 0.0, 0.0, 0.0, 0.0, 0.0, 0.0, 0.0, 0.0, 0.0, 0.0, 0.0], [0.0, 0.0, 0.0, 0.0, 0.0, 0.0, 0.0, 0.0, 0.0, 0.0, 0.0, 0.0, 0.0, 0.0, 0.0, 0.0, 0.0, 0.0, 0.0, 0.0, 0.0, 0.0, 0.0, 0.0, 0.0, 0.0, 0.0, 0.0, 0.0, 0.0, 0.0, 0.0, 0.0, 0.0, 0.0, 0.0, 0.0, 0.0, 0.0, 0.0], [0.0, 0.0, 0.0, 0.0, 0.0, 0.0, 0.0, 0.0, 0.0, 0.0, 0.0, 0.0, 0.0, 0.0, 0.0, 0.0, 0.0, 0.0, 1.0], [0.0, 0.0, 0.0, 0.0, 0.0, 0.0, 0.0, 0.0, 0.0, 0.0, 0.0, 0.0, 0.0, 0.0, 0.0, 0.0, 0.0, 0.0, 0.0, 0.0, 0.0, 0.0, 0.0, 0.0, 0.0, 0.0, 0.0, 0.0, 0.0, 0.0, 0.0, 0.0, 0.0, 0.0, 0.0, 1.0], [0.0, 0.0, 0.0, 0.0, 0.0, 0.0, 0.0, 0.0, 0.0, 0.0, 0.0, 1.0]]}